{
    "background": {
        "colorA": [
            0.0,
            0.0,
            0.0
        ],
        "colorB": [
            0.19607800245285034,
            0.19607800245285034,
            0.19607800245285034
        ],
        "distance": 1000000000.0,
        "gridSize": [
            10000000.0,
            10000000.0
        ],
        "type": 1
    },
    "camera": {
        "fov": 15000000.0,
        "look": [
            0.0,
            0.0,
            -1.0
        ],
        "position": [
            0.0,
            0.0,
            0.0
        ],
        "up": [
            0.0,
            1.0,
            0.0
        ]
    },
    "planets": [
        {
            "albedoTexture": "2k_earth_daymap.jpg",
            "ambient": [
                0.0,
                0.07659229636192322,
                0.1860000044107437
            ],
            "diffuse": [
                0.0,
                0.28999799489974976,
                0.7059999704360962
            ],
            "emission": [
                0.0,
                0.0,
                0.0
            ],
            "luminosity": 0.0,
            "mass": 3.999999939297283e+31,
            "name": "Earth",
            "northVector": [
                0.0,
                1.0,
                0.0
            ],
            "position": [
                0.0,
                0.0,
                -60000000.0
            ],
            "radius": 6371000.0,
            "zeroDegree": [
                1.0,
                0.0,
                0.0
            ]
        },
        {
            "albedoTexture": "lroc_color_poles_1k.jpg",
            "ambient": [
                0.10294099897146225,
                0.10294099897146225,
                0.10294099897146225
            ],
            "diffuse": [
                0.6911759972572327,
                0.6911759972572327,
                0.6911759972572327
            ],
            "emission": [
                1.0,
                1.0,
                1.0
            ],
            "luminosity": 300000009519104.0,
            "mass": 7.346000145109223e+22,
            "name": "Moon",
            "northVector": [
                0.0,
                1.0,
                0.0
            ],
            "position": [
                -10000000.0,
                0.0,
                -50000000.0
            ],
            "radius": 1737400.0,
            "zeroDegree": [
                1.0,
                0.0,
                0.0
            ]
        },
        {
            "albedoTexture": "5672_mars_2k_color.jpg",
            "ambient": [
                0.514706015586853,
                0.427141010761261,
                0.21698400378227234
            ],
            "diffuse": [
                1.0,
                0.8292959928512573,
                0.4196079969406128
            ],
            "emission": [
                0.0,
                0.0,
                0.0
            ],
            "luminosity": 0.0,
            "mass": 6.417099845686778e+23,
            "name": "Mars",
            "northVector": [
                0.0,
                1.0,
                0.0
            ],
            "position": [
                0.0,
                5000000.0,
                -600000000.0
            ],
            "radius": 3389500.0,
            "zeroDegree": [
                1.0,
                0.0,
                0.0
            ]
        },
        {
            "albedoTexture": "",
            "ambient": [
                1.0,
                0.9858710169792175,
                0.5196080207824707
            ],
            "diffuse": [
                0.0,
                0.0,
                0.0
            ],
            "emission": [
                1.0,
                1.0,
                1.0
            ],
            "luminosity": 1.3999999752806701e+20,
            "mass": 1.0,
            "name": "Sun",
            "northVector": [
                0.0,
                1.0,
                0.0
            ],
            "position": [
                100000000.0,
                0.0,
                -100000.0
            ],
            "radius": 1.0,
            "zeroDegree": [
                1.0,
                0.0,
                0.0
            ]
        }
    ]
}
